﻿<?xml version="1.0" encoding="utf-8" ?>
<Language Name="English">

  <!--Common-->
  <LocaleResource Name="Common.SelectAny">
    <Value>select any</Value>
  </LocaleResource>

  <!--Site map - plugin menu-->

  <LocaleResource Name="Nop.Cypher.Sitemap.Root.nopCypher">
    <Value>nopCypher</Value>
  </LocaleResource>
  <LocaleResource Name="Nop.Cypher.Sitemap.Phoenix">
    <Value>Phoenix</Value>
  </LocaleResource>
  <LocaleResource Name="Nop.Cypher.Sitemap.Phoenix.Configuration">
    <Value>Configuration</Value>
  </LocaleResource>

  <!--Configuration-->

  <LocaleResource Name="Nop.Cypher.Theme.Phoenix.Admin.Configuration.Panel.Info">
    <Value>General Settings</Value>
  </LocaleResource>
  <LocaleResource Name="Nop.Cypher.Theme.Phoenix.Admin.Configuration.Panel.Color">
    <Value>Color</Value>
  </LocaleResource>
  <LocaleResource Name="nop.cypher.theme.phoenix.admin.configuration.panel.details">
    <Value>General Details</Value>
  </LocaleResource>


  <LocaleResource Name="Nop.Cypher.Theme.Phoenix.Admin.Configuration.Page.Title">
    <Value>Plugin Configuration</Value>
  </LocaleResource>
  <LocaleResource Name="Nop.Cypher.Theme.Phoenix.Admin.Configuration.Title">
    <Value>Configuration </Value>
  </LocaleResource>

  <LocaleResource Name="Nop.Cypher.Theme.Phoenix.Admin.Configuration.Enable">
    <Value>Enable</Value>
  </LocaleResource>
  <LocaleResource Name="Nop.Cypher.Theme.Phoenix.Admin.Configuration.Enable.Hint">
    <Value>Check if you want to enable plugin functionality</Value>
  </LocaleResource>
  <LocaleResource Name="Nop.Cypher.Theme.Phoenix.Admin.Configuration.HomePageText">
    <Value>Home Page Text</Value>
  </LocaleResource>
  <LocaleResource Name="Nop.Cypher.Theme.Phoenix.Admin.Configuration.HomePageText.Hint">
    <Value>Set text which will display on Home Page. You can take reference from bottom of this page</Value>
  </LocaleResource>
  <LocaleResource Name="Nop.Cypher.Theme.Phoenix.Admin.Configuration.HomePageHeaderText">
    <Value>Header Text</Value>
  </LocaleResource>
  <LocaleResource Name="Nop.Cypher.Theme.Phoenix.Admin.Configuration.HomePageHeaderText.Hint">
    <Value>Set text which will display on header section. You can take reference from bottom of this page </Value>
  </LocaleResource>
  <LocaleResource Name="Nop.Cypher.Theme.Phoenix.Admin.Configuration.PinterestURL">
    <Value>Follow us pinterest URL</Value>
  </LocaleResource>
  <LocaleResource Name="Nop.Cypher.Theme.Phoenix.Admin.Configuration.PinterestURL.Hint">
    <Value>Set link of pinterest account</Value>
  </LocaleResource>
  <LocaleResource Name="Nop.Cypher.Theme.Phoenix.Admin.Configuration.VimeoURL">
    <Value>Follow us vimeo URL</Value>
  </LocaleResource>
  <LocaleResource Name="Nop.Cypher.Theme.Phoenix.Admin.Configuration.VimeoURL.Hint">
    <Value>Set link of vimeo account</Value>
  </LocaleResource>
  <LocaleResource Name="Nop.Cypher.Theme.Phoenix.Admin.Configuration.InstagramURL">
    <Value>Follow us instagram URL</Value>
  </LocaleResource>
  <LocaleResource Name="Nop.Cypher.Theme.Phoenix.Admin.Configuration.InstagramURL.Hint">
    <Value>Set link of instagram account</Value>
  </LocaleResource>
  <LocaleResource Name="Nop.Cypher.Theme.Phoenix.Admin.Configuration.LinkedInURL">
    <Value>Follow us linkedIn URL</Value>
  </LocaleResource>
  <LocaleResource Name="Nop.Cypher.Theme.Phoenix.Admin.Configuration.LinkedInURL.Hint">
    <Value>Set link of linkedIn account</Value>
  </LocaleResource>
  <LocaleResource Name="Nop.Cypher.Theme.Phoenix.Admin.Configuration.RemoveDesignedBynopCypher">
    <Value>Hide designed by nopCypher</Value>
  </LocaleResource>
  <LocaleResource Name="Nop.Cypher.Theme.Phoenix.Admin.Configuration.RemoveDesignedBynopCypher.Hint">
    <Value>Check if you want Hide designed by nopCypher. This you can do only if theme is purchased</Value>
  </LocaleResource>
  <LocaleResource Name="Nop.Cypher.Theme.Phoenix.Admin.Configuration.HidePoweredBynopCommerce">
    <Value>Hide PoweredBy NopCommerce</Value>
  </LocaleResource>
  <LocaleResource Name="Nop.Cypher.Theme.Phoenix.Admin.Configuration.HidePoweredBynopCommerce.Hint">
    <Value>Check if you want to Hide PoweredBy NopCommerce Text In Footer. If you already purchased remove copyright license then only check this</Value>
  </LocaleResource>
  <LocaleResource Name="Nop.Cypher.Theme.Phoenix.Admin.Configuration.ShowBestSellerImage">
    <Value>Show BestSeller Image</Value>
  </LocaleResource>
  <LocaleResource Name="Nop.Cypher.Theme.Phoenix.Admin.Configuration.ShowBestSellerImage.Hint">
    <Value>Enable If You Want To Display BestSeller Image In Home Page</Value>
  </LocaleResource>
  <LocaleResource Name="Nop.Cypher.Theme.Phoenix.Admin.Configuration.LogoImage">
    <Value>Logo Image</Value>
  </LocaleResource>
  <LocaleResource Name="Nop.Cypher.Theme.Phoenix.Admin.Configuration.LogoImage.Hint">
    <Value>Upload image for theme Logo Image</Value>
  </LocaleResource>
  <LocaleResource Name="Nop.Cypher.Theme.Phoenix.Admin.Configuration.BestSellerImageId">
    <Value>BestSeller Image</Value>
  </LocaleResource>
  <LocaleResource Name="Nop.Cypher.Theme.Phoenix.Admin.Configuration.BestSellerImageId.Hint">
    <Value>Select image which will display on homepage BestSeller Image</Value>
  </LocaleResource>
  <LocaleResource Name="Nop.Cypher.Theme.Phoenix.Admin.Configuration.CustomHeadStyle">
    <Value>Custom Head Styles</Value>
  </LocaleResource>
  <LocaleResource Name="Nop.Cypher.Theme.Phoenix.Admin.Configuration.CustomHeadStyle.Hint">
    <Value>Set Custom CSS</Value>
  </LocaleResource>
  <LocaleResource Name="Nop.Cypher.Theme.Phoenix.Admin.Configuration.Color1">
    <Value>Main Theme Color</Value>
  </LocaleResource>
  <LocaleResource Name="Nop.Cypher.Theme.Phoenix.Admin.Configuration.Color1.Hint">
    <Value>Select color code which will apply as main color in public area. Note: Do not forget to hard refresh browser page after change color in admin area.</Value>
  </LocaleResource>
  <LocaleResource Name="Nop.Cypher.Theme.Phoenix.Admin.Configuration.Color2">
    <Value>Background color</Value>
  </LocaleResource>
  <LocaleResource Name="Nop.Cypher.Theme.Phoenix.Admin.Configuration.Color2.Hint">
    <Value>Select color code which will apply as back-ground color in public area. Note: Do not forget to hard refresh browser page after change color in admin area.</Value>
  </LocaleResource>

  <!-- Theme Custom Resource string-->
  <LocaleResource Name="search.searchbox.text.label">
    <Value>Search in Black Shop...</Value>
  </LocaleResource>
  <LocaleResource Name="Newsletter.Title">
    <Value>Join Us</Value>
  </LocaleResource>
  <LocaleResource Name="Wishlist.HeaderQuantity">
    <Value>{0}</Value>
  </LocaleResource>
  <LocaleResource Name="ShoppingCart.HeaderQuantity">
    <Value>{0}</Value>
  </LocaleResource>
  <LocaleResource Name="Theme.Phoenix.Clear.Cart">
    <Value>Clear Cart</Value>
  </LocaleResource>
  <LocaleResource Name="Theme.Phoenix.register.info">
    <Value>If you have already registered to our website, you can login.</Value>
  </LocaleResource>
  <LocaleResource Name="admin.vendors.vendorattributes.fields.isrequired">
    <Value>Required fields</Value>
  </LocaleResource>
  <LocaleResource Name="common.wait...">
    <Value>	Wait...</Value>
  </LocaleResource>
  <LocaleResource Name="theme.Phoenix.required.field">
    <Value>Required fields</Value>
  </LocaleResource>
  <LocaleResource Name="Theme.Phoenix.title.recommended.products">
    <Value>Recommended Products</Value>
  </LocaleResource>
  <LocaleResource Name="theme.Phoenix.clear.cartitem.confirmation.title">
    <Value>Delete this Cart item?</Value>
  </LocaleResource>
  <LocaleResource Name="theme.Phoenix.clear.cartitem.confirmation.description">
    <Value>Are you sure want to remove this item from cart?</Value>
  </LocaleResource>
  <LocaleResource Name="Theme.Phoenix.Clear.Cart.confirmation.title">
    <Value>Delete all Cart items?</Value>
  </LocaleResource>
  <LocaleResource Name="Theme.Phoenix.Clear.Cart.confirmation.Description">
    <Value>Are you sure want to remove all items from cart?</Value>
  </LocaleResource>
  <LocaleResource Name="Theme.Phoenix.Clear.Cart.confirmation.Confirmbuttontext">
    <Value>Yes, Delete it!</Value>
  </LocaleResource>
  <LocaleResource Name="Theme.Phoenix.Clear.wishlistitem.confirmation.title">
    <Value>Delete this Wishlist item?</Value>
  </LocaleResource>
  <LocaleResource Name="theme.Phoenix.clear.wishlist.confirmation.description">
    <Value>Are you sure want to remove this item from Wishlist?</Value>
  </LocaleResource>
  <LocaleResource Name="Theme.Phoenix.Clear.wishlist.confirmation.title">
    <Value>Delete all Wishlist items?</Value>
  </LocaleResource>
  <LocaleResource Name="Theme.Phoenix.Clear.wishlistall.confirmation.Description">
    <Value>Are you sure want to remove all items from Wishlist?</Value>
  </LocaleResource>
  <LocaleResource Name="Theme.Phoenix.move.wishlistitemtocart.confirmation.title">
    <Value>Add To Cart this item?</Value>
  </LocaleResource>
  <LocaleResource Name="Theme.Phoenix.move.wishitemtocart.confirmation.Description">
    <Value>Are you sure want to add to cart this item from Wishlist?</Value>
  </LocaleResource>
  <LocaleResource Name="Theme.Phoenix.move.wishlisttocart.confirmation.title">
    <Value>Add To Cart all items?</Value>
  </LocaleResource>
  <LocaleResource Name="Theme.Phoenix.move.allwishlist.confirmation.Description">
    <Value>Are you sure want to add to cart this all items from Wishlist?</Value>
  </LocaleResource>
  <LocaleResource Name="Theme.Phoenix.Clear.wishlist">
    <Value>Clear Wishlist</Value>
  </LocaleResource>
  <LocaleResource Name="Theme.Phoenix.move.itemtocart.confirmation.Confirmbuttontext">
    <Value>Yes, Move it!</Value>
  </LocaleResource>
  <LocaleResource Name="Theme.Phoenix.allShoppingCart.AddToCart">
    <Value>Add to Cart all items</Value>
  </LocaleResource>
  <LocaleResource Name="privatemessages.totalunread">
    <Value>{0}</Value>
  </LocaleResource>

  <LocaleResource Name="Theme.Phoenix.Header.Shipping.Freereturn">
    <Value>FREE STANDARD RETURNS</Value>
  </LocaleResource>

  <LocaleResource Name="Theme.Phoenix.Header.Free.Delivery">
    <Value>FREE Delivery</Value>
  </LocaleResource>

  <LocaleResource Name="Theme.Phoenix.Header.Payment.Secure">
    <Value>100% Secure Payment</Value>
  </LocaleResource>

  <LocaleResource Name="Theme.Phoenix.Homepage.Category">
    <Value>Shopping by Category</Value>
  </LocaleResource>

  <LocaleResource Name="Theme.Phoenix.Product.Share.Button">
    <Value>Share Social:</Value>
  </LocaleResource>

  <LocaleResource Name="Theme.Phoenix.Also.Purchased">
    <Value>also purchsed</Value>
  </LocaleResource>

  <LocaleResource Name="Theme.Phoenix.Clear.Cart.Confirmation">
    <Value>Delete all Cart items?</Value>
  </LocaleResource>



  <LocaleResource Name="Theme.Phoenix.Clear.Cartitem.Confirmation">
    <Value>Delete this cart item?</Value>
  </LocaleResource>


  <LocaleResource Name="Theme.Phoenix.Account.Avatar.ChooseFile">
    <Value>CHOOSE A FILE</Value>
  </LocaleResource>

  <LocaleResource Name="Theme.Phoenix.select">
    <Value>Select</Value>
  </LocaleResource>

  <LocaleResource Name="Theme.Phoenix.Hello">
    <Value>Hello</Value>
  </LocaleResource>

  <LocaleResource Name="Theme.Phoenix.Create.Account">
    <Value>Creat Account</Value>
  </LocaleResource>

  <LocaleResource Name="Theme.Phoenix.PrivateMessages.Send.Subject">
    <Value>Subject</Value>
  </LocaleResource>

  <LocaleResource Name="Theme.Phoenix.PrivateMessages.Send.Message">
    <Value>Message</Value>
  </LocaleResource>

  <LocaleResource Name="Theme.Phoenix.Mini.Shopping.Cart">
    <Value>Shopping Cart</Value>
  </LocaleResource>

  <LocaleResource Name="Theme.Phoenix.Search.SearchBox.Text.Label">
    <Value>Type and hit enter for Search ...</Value>
  </LocaleResource>

  <LocaleResource Name="Theme.Phoenix.MyAccount.Address.Delete.Confirmation">
    <Value>Are you sure to Delete this Address?</Value>
  </LocaleResource>

  <LocaleResource Name="Theme.Phoenix.MyAccount.Address.Delete.Confirmation.Description">
    <Value>Are you sure? Deleted address can't be restore once delete done. </Value>
  </LocaleResource>


  <LocaleResource Name="Theme.Phoenix.Select.Primary.Color">
    <Value>Select Theme Primary Color</Value>
  </LocaleResource>

  <LocaleResource Name="Theme.Phoenix.Select.Custome.Primary.Color">
    <Value>Select Custome Primary Color</Value>
  </LocaleResource>

  <LocaleResource Name="Theme.Phoenix.Select.Secondry.Color">
    <Value>Select Theme Secondry Color</Value>
  </LocaleResource>

  <LocaleResource Name="Theme.Phoenix.Select.Custome.Secondry.Color">
    <Value>Select Custome Secondry Color</Value>
  </LocaleResource>

  <LocaleResource Name="Theme.Phoenix.Product.Detail.Title">
    <Value>Details</Value>
  </LocaleResource>


  <LocaleResource Name="Products.Price.TaxShipping.ExclTax">
    <Value><![CDATA[ex. <a href="{0}">shipping  <span class="pi-shipped"></span></a>]]></Value>
  </LocaleResource>

  <LocaleResource Name="Theme.Phoenix.GDPR.Delete.Account">
    <Value>Are you sure to delete this account?</Value>
  </LocaleResource>
 

  <LocaleResource Name="Theme.Phoenix.Footer.Followus.title">
    <Value>Follow us</Value>
  </LocaleResource>

  <LocaleResource Name="Theme.Phoenix.Footer.Payment.Option.title">
    <Value>Payment Methods</Value>
  </LocaleResource>

</Language>
